model,RMSE,MAE,R2,MAPE,equation,target
SR-1 (SOH),0.012040152434985687,0.010632804724937566,0.9877897410489871,1.4836553982315008,"add(mul(-0.102, X8), 0.888)",SOH
SR-2 (SOH),0.06361893448993591,0.05293307621332854,0.6590947527842592,7.237095555472157,sqrt(sqrt(sqrt(log(sqrt(X1))))),SOH
SR-1 (RUL),5.310259397505313,2.3481242073354682,-0.024123401170468073,16800724845.924282,"add(div(sub(add(X3, X10), sub(div(X2, X2), div(X6, X1))), -0.109), sub(add(add(add(div(mul(sub(X1, 0.616), div(X6, X1)), mul(X9, X1)), mul(div(X10, X1), add(0.345, X4))), X1), add(add(add(add(add(add(div(add(X7, sub(mul(sub(X1, 0.616), div(X6, X1)), mul(sub(div(add(X5, X7), sub(X8, 0.378)), div(add(-0.586, X5), sub(X6, X7))), 0.004))), mul(X9, X1)), mul(div(X10, X1), add(0.345, X4))), X1), add(X7, sub(mul(sub(X1, 0.616), div(X6, X1)), mul(add(div(sub(add(X10, add(add(add(add(add(add(div(add(X7, sub(mul(sub(X1, 0.616), div(X6, X1)), mul(add(div(X1, -0.109), mul(X8, add(X10, X9))), 0.004))), mul(X9, X1)), mul(div(X10, X1), add(add(add(add(add(div(add(X7, sub(0.345, mul(sub(div(add(X5, X7), sub(X8, 0.378)), div(div(sub(add(X10, X8), add(X10, add(div(X9, X9), mul(X0, X10)))), -0.109), sub(X6, X7))), 0.004))), mul(X9, X1)), mul(div(sub(add(X10, add(div(X9, X9), div(X2, X2))), add(div(X9, X9), mul(X0, X10))), X1), add(0.345, X4))), X1), div(X9, X9)), mul(div(X10, X1), add(0.345, X4))), X1))), X1), div(X9, X9)), mul(div(X10, X1), add(0.345, X4))), X1), div(sub(add(X0, X8), add(div(X9, X9), mul(X8, X10))), -0.109))), add(div(X9, X9), mul(X0, X10))), -0.109), mul(X8, add(X10, X9))), 0.004)))), mul(div(X10, X1), add(0.345, X4))), X1), div(sub(add(X0, X8), add(div(X9, X9), mul(X8, X10))), -0.109))), sub(div(X2, X2), div(add(mul(div(X9, div(div(X6, add(0.345, X4)), -0.109)), sub(div(X6, X1), div(add(mul(div(X9, div(sub(add(X10, X8), add(div(X9, X9), X1)), -0.109)), add(div(sub(add(X10, add(div(X9, X9), mul(X0, X10))), add(div(X2, X2), mul(div(X2, X2), X10))), -0.109), mul(X8, div(sub(add(sub(X8, X10), add(X0, X0)), mul(add(div(X9, X9), mul(X8, X10)), add(X0, X2))), div(sub(div(X6, X1), sub(X8, 0.823)), sub(div(X7, X1), add(X9, X9))))))), X3), X1))), X3), X1))))",RUL
SR-2 (RUL),5.326134233904614,2.481702562919245,-0.03025571647917702,30158560404.3019,"div(add(add(abs(add(add(neg(X8), abs(log(log(sqrt(sqrt(log(mul(0.493, sqrt(sub(sub(abs(X3), log(0.506)), add(log(X6), neg(X8)))))))))))), sqrt(neg(X0)))), abs(sub(X8, sqrt(log(mul(0.493, sqrt(sub(neg(X10), add(log(X6), neg(X8)))))))))), add(neg(X0), abs(log(sqrt(log(mul(0.493, div(sqrt(sub(sub(log(sqrt(add(add(add(neg(X4), log(X6)), abs(sub(X8, add(sub(X7, X6), add(add(neg(X8), abs(log(log(sqrt(sqrt(log(mul(0.493, abs(add(add(neg(X8), abs(log(log(sqrt(sqrt(log(mul(0.493, div(sqrt(sqrt(sub(neg(X10), add(log(X6), neg(X8))))), log(sqrt(sqrt(log(abs(log(0.506))))))))))))))), sqrt(add(neg(X0), sqrt(log(sqrt(log(mul(0.493, div(sqrt(sub(sub(log(sqrt(add(add(sqrt(log(0.506)), abs(sub(X8, sqrt(log(mul(0.493, sqrt(sqrt(log(mul(0.493, div(sqrt(sub(sub(log(sqrt(abs(add(log(X6), neg(X8))))), log(0.506)), mul(0.493, -0.465))), log(sqrt(log(sqrt(sqrt(log(mul(0.493, div(sqrt(sqrt(sub(neg(X10), add(log(X6), neg(X8))))), log(sqrt(sqrt(sqrt(log(mul(0.493, div(sqrt(sqrt(sub(neg(X10), add(log(X6), neg(X8))))), log(sqrt(sqrt(log(abs(log(0.506)))))))))))))))))))))))))))))))), add(neg(X0), sqrt(log(0.506)))))), log(0.506)), add(log(X6), mul(0.493, -0.465)))), log(sqrt(log(sqrt(sqrt(log(mul(0.493, div(sqrt(sqrt(sub(neg(X10), add(log(X6), neg(X8))))), log(sqrt(sqrt(log(abs(log(0.506)))))))))))))))))))))))))))))))), neg(X10)))))), add(neg(X0), sqrt(X3))))), log(mul(0.493, sqrt(sub(sub(sqrt(log(sqrt(log(mul(0.493, div(sqrt(sub(sub(log(sqrt(sqrt(abs(X5)))), log(0.506)), mul(0.493, -0.465))), log(sqrt(log(sqrt(sqrt(log(mul(0.493, div(sqrt(sqrt(sub(neg(X10), add(log(X6), neg(X8))))), log(sqrt(sqrt(log(abs(log(0.506)))))))))))))))))))), mul(0.493, div(sqrt(sub(sub(log(add(log(X6), neg(X8))), log(0.506)), add(log(X6), mul(0.493, -0.465)))), log(sqrt(log(sqrt(sqrt(log(mul(0.493, div(sqrt(sqrt(sub(neg(X10), add(log(X6), neg(X8))))), log(sqrt(sqrt(log(abs(log(0.506))))))))))))))))), add(log(X6), neg(X8))))))), add(log(X6), mul(0.493, -0.465)))), log(sqrt(log(sqrt(sqrt(log(mul(0.493, div(sqrt(sqrt(sub(neg(X10), add(log(X6), neg(X8))))), log(sqrt(sqrt(log(abs(log(0.506)))))))))))))))))))))), log(sqrt(sqrt(log(mul(0.493, -0.465))))))",RUL
SINDy-1 (SOH),0.03217458820884537,0.025128566392401346,0.9128059403934381,3.655816550208937,"Coefficients: [[0.8882992636276145, 0.35013354107911077, 0.0, 0.0, 0.0, -0.5404357101356883, 0.05945316241975517, 0.09320667949642199, 0.0, 0.0, 0.2569268615827395, -0.3036512465716371, 0.021575351385178, 0.0, 0.0, 0.0, 0.0, 0.0, 0.0, 0.0, 0.0, 0.0, 0.2812388609657993, -0.2367844635639248, 0.037877811034522674, 0.12680014859886427, 0.0, -0.024550704063521125]]",SOH
SINDy-2 (SOH),0.03217458820884537,0.025128566392401346,0.9128059403934381,3.655816550208937,"Coefficients: [[0.0, 0.0, 0.0, 0.0, 0.0, 0.0, 0.0, 0.0, 0.0, 0.0, 0.0, 0.0, 0.0, 0.0, 0.0, 0.0, 0.0, 0.0, 0.0, 0.0, 0.0, 0.0, 0.0, 0.0, 0.0, 0.0, 0.0, 0.0, 0.0, 0.0, 0.0, 0.0, 0.0, 0.0, 0.0, 0.0, 0.0, 0.0, 0.0, 0.0, 0.0, 0.0, 0.0, 0.0, 0.0, 0.0, 0.0, 0.0, 0.0, 0.0, 0.0, 0.0, 0.0, 0.0, 0.0, 0.0, 0.0, 0.0, 0.0, 0.0, 0.0, 0.0, 0.0, 0.0, 0.0, 0.0, 0.0, 0.0, 0.0, 0.0, 0.0, 0.0, 0.0, 0.0, 0.0, 0.0, 0.0, 0.0, 0.0, 0.0, 0.0, 0.0, 0.0, 0.0]]",SOH
RF (SOH),0.022104764605761794,0.01042801356515193,0.9588440441570057,1.6917476609607014,"Black-box ensemble (200 trees, depth 10)",SOH
RF (RUL),7.686804380180339,3.798163949462296,-1.145914801818575,58397389303.647705,"Black-box ensemble (200 trees, depth 10)",RUL
LSTM (SOH),0.016259564273858357,0.013772602580654474,0.9764358717209446,1.9663730826251786,"Black-box LSTM (64->32 units, window=10)",SOH
